Defect Type,Start Position (m),End Position (m),Severity,Length (m),Count
GL,260.07,260.19,中度,0.12000000000000455,1
YW,259.79891632373113,259.95569831834575,中度,0.15678199461461872,1
YW,260.14,260.14,轻度,0.0,1
